<?xml version="1.0" encoding="UTF-8"?>
<job>
	<jobinfo cur_org="" cur_role="" jobid="01537" name="阎　江" orgid="00111" roleid="1111" title="aaaaaaaaaa" userid="yan"/>
	<WorkFlow>
	　　<name>一般申請</name>
	　　<step>
	　　　　<state active="false" current="案件作成" title="作成"/>
	　　　　<opr act="create" go_org="" go_role="" go_step="案件起案" id="create" name="作成" operator="作成者" orgid="00111" roleid="" userid="yan"/>
	　　　　<opr act="disposal" go_org="" go_role="" go_step="" id="disposal" name="廃棄" operator="廃棄者" orgid="" roleid="" userid=""/>
	　　</step>
	　　<step>
	　　　　<state active="false" current="案件起案" title="起案待ち"/>
	　　　　<opr act="save" go_org="" go_role="" go_step="案件起案" id="save" name="保存" operator="保存者" orgid="" roleid="" userid=""/>
	　　　　<opr act="save" go_org="" go_role="" go_step="課長承認" id="start" name="起案" operator="起案者" orgid="00111" roleid="" userid="yan"/>
	　　　　<opr act="save" go_org="" go_role="" go_step="部長承認" id="buchou_start" name="起案" operator="起案者" orgid="" roleid="" userid=""/>
	　　</step>
	　　<step>
	　　　　<state active="true" current="課長承認" title="課長承認待ち"/>
	　　　　<opr act="save" go_org="" go_role="" go_step="部長承認" id="confirm" name="承認" operator="承認者" orgid="" roleid="" userid=""/>
	　　　　<opr act="save" go_org="" go_role="" go_step="案件起案" id="return" name="差戻し" operator="差戻し者" orgid="00111" roleid="" userid="kachou1"/>
	　　</step>
	　　<step>
	　　　　<state active="false" current="部長承認" title="部長承認待ち"/>
	　　　　<opr act="save" go_org="00130" go_role="2000" go_step="案件終了" id="confirm" name="承認" operator="承認者" orgid="" roleid="" userid=""/>
	　　　　<opr act="save" go_org="" go_role="" go_step="案件起案" id="return" name="差戻し" operator="差戻し者" orgid="" roleid="" userid=""/>
	　　</step>
	　　<step>
	　　　　<state active="false" current="案件終了" title="承認終了"/>
	　　　　<opr act="delete" go_org="" go_role="" go_step="" id="delete" name="案件削除" operator="削除者" orgid="" roleid="" userid=""/>
	　　</step>
	</WorkFlow>
	<Document>
	<phone>asdfasdfasdfasdfas</phone><name>ssssssssss1000</name><orgid>00111</orgid><operator>start</operator><jobid>01537</jobid><userid>yan</userid><comment>sssssssssss</comment><name2>ssddddddddddd</name2><view>job_show.jsp</view><select>w11000</select><fromview>00948</fromview><template/></Document>
</job>